id,is_answered,view_count,answer_count,score,last_activity_date,creation_date,last_edit_date,link,title
47312230,False,1,0,0,1510762314,1510762314,,https://stackoverflow.com/questions/47312230/how-to-allocate-memory-on-gpu-for-conv2d-op-on-raspberrypi3,How to allocate memory on gpu for Conv2D op on raspberrypi3
47312189,False,4,1,0,1510762310,1510762208,,https://stackoverflow.com/questions/47312189/how-to-store-the-value-of-the-field-returned-with-the-insert-command-in-a-vari,How to store the value of the field returned with the &quot;insert&quot; command in a variable?
47312100,False,5,0,0,1510762309,1510761960,1510762309,https://stackoverflow.com/questions/47312100/what-should-i-do-to-solve-this-issues-in-stretch-with-overflow-property-of-param,What should I do to solve this issues in stretch with overflow property of parameter in jasper report generation?
47311487,False,7,1,0,1510762308,1510760359,,https://stackoverflow.com/questions/47311487/how-to-sum-a-matrice-of-matrices,How to sum a matrice of matrices
47310850,False,23,3,-2,1510762308,1510758601,1510759685,https://stackoverflow.com/questions/47310850/extract-name-from-specific-occurence-of-a-pattern-in-a-large-file,extract name from specific occurence of a pattern in a large file
47312226,False,2,0,0,1510762307,1510762307,,https://stackoverflow.com/questions/47312226/mocking-siesta-with-dvr-unrecognized-selector-error,Mocking Siesta with DVR: unrecognized selector error
47310326,True,10,1,0,1510762307,1510757072,1510762307,https://stackoverflow.com/questions/47310326/how-to-use-mogrify-imagemagick-to-convert-from-nef-to-jpg-and-retain-exif-da,How to use mogrify (ImageMagick) to convert from NEF to *.jpg and retain EXIF data?
47311980,False,5,1,0,1510762306,1510761621,,https://stackoverflow.com/questions/47311980/laravel-eloquent-resources-api-send-status-code,laravel eloquent resources api send status code
47312224,False,2,0,0,1510762303,1510762303,,https://stackoverflow.com/questions/47312224/calculate-parametesr-in-cnn-architecture,Calculate parametesr in CNN architecture
47312223,False,2,0,0,1510762302,1510762302,,https://stackoverflow.com/questions/47312223/is-it-necessary-to-apply-crossorgin-attribute-for-script-img-link-tags,Is it necessary to apply crossorgin attribute for &lt;script&gt; &lt;img&gt; &lt;link&gt; tags?
47311312,False,14,1,1,1510762302,1510759865,1510760966,https://stackoverflow.com/questions/47311312/homebrew-install-python-at-usr-local-bin-on-mac,Homebrew install python at /usr/local/bin/ on Mac
47312222,False,2,0,0,1510762301,1510762301,,https://stackoverflow.com/questions/47312222/managing-chrome-extensions-via-admin-sdk,Managing Chrome Extensions via Admin SDK
24579580,True,8504,5,12,1510762300,1404499884,1495540938,https://stackoverflow.com/questions/24579580/laravel-session-flash-persists-for-2-requests,Laravel Session Flash persists for 2 requests
47312221,False,2,0,0,1510762299,1510762299,,https://stackoverflow.com/questions/47312221/powershell-envdte-switch-visual-studio-session-multiple-separate-solutions-open,Powershell EnvDTE Switch Visual Studio Session (Multiple Separate Solutions open)
553029,False,8541,1,19,1510762295,1234784024,1234784777,https://stackoverflow.com/questions/553029/what-is-the-smallest-possible-windows-pe-executable,What is the smallest possible Windows (PE) executable?
47310831,True,43,4,0,1510762292,1510758543,,https://stackoverflow.com/questions/47310831/in-c-language-binary-file-io,In C language binary file io
47310874,False,36,0,-4,1510762292,1510758688,1510762292,https://stackoverflow.com/questions/47310874/please-help-me-for-my-sql-query-giving-error-on-oracle-database,Please help me for my sql query giving error on Oracle database
47312219,False,2,0,0,1510762290,1510762290,,https://stackoverflow.com/questions/47312219/what-does-non-trainable-params-mean,What does &#39;non-trainable params&#39; mean?
47311551,True,39,2,-1,1510762286,1510760506,,https://stackoverflow.com/questions/47311551/refactor-javascript-if-statement,Refactor javascript if statement
47306626,False,20,1,-1,1510762285,1510746505,,https://stackoverflow.com/questions/47306626/c-recursive-search-for-a-file-in-a-folder-and-subfolders,C Recursive search for a file in a folder and subfolders
47312217,False,2,0,0,1510762281,1510762281,,https://stackoverflow.com/questions/47312217/python-3-x-reverse-a-dictionary-inplace,python 3.x : reverse a dictionary inplace
35637487,False,147,1,4,1510762280,1456431556,,https://stackoverflow.com/questions/35637487/how-to-get-the-origin-url-from-a-dopost-request-on-google-apps-script,How to get the origin URL from a &quot;doPost&quot; request on google apps script
47312215,False,3,0,0,1510762276,1510762276,,https://stackoverflow.com/questions/47312215/does-jenkins-has-supporting-api-for-perl-to-disable-and-enable-a-job,Does Jenkins has supporting API for PERL to disable and enable a Job?
47270669,True,34,2,5,1510762275,1510595949,1510762275,https://stackoverflow.com/questions/47270669/laravel-how-to-get-custom-sorted-eloquent-collection-using-wherein-method,Laravel: How to get custom sorted eloquent collection using whereIn method
47311713,False,9,1,0,1510762274,1510760909,,https://stackoverflow.com/questions/47311713/using-express-validator-as-express-middle-ware-not-working,using express-validator as Express middle ware not working
47311824,False,19,1,-2,1510762272,1510761218,,https://stackoverflow.com/questions/47311824/get-a-list-that-is-created-reading-an-excel-file-c,Get a List that is created reading an Excel File C#
47311646,False,19,0,-1,1510762271,1510760738,1510762271,https://stackoverflow.com/questions/47311646/array-of-number-and-finding-subarray,Array Of Number And Finding SubArray
47312212,False,2,0,0,1510762270,1510762270,,https://stackoverflow.com/questions/47312212/get-friendships-show-with-rtweet,GET friendships/show with rtweet
47312211,False,2,0,0,1510762268,1510762268,,https://stackoverflow.com/questions/47312211/access-is-denied-when-running-mkdir-command-from-jenkins,Access is denied when running mkdir command from Jenkins
47277931,False,28,1,1,1510762267,1510635305,1510637095,https://stackoverflow.com/questions/47277931/get-metadata-from-url-using-metadataextractor-in-c,get Metadata from Url using MetadataExtractor in C#
